Type data;tSchool;Schooljaar;Voorlopig definitief;Profiel;Examenkandidaten;Geslaagden;Gezakten;Slaagpercentage;tCentraal examen;tSchoolexamen;tCijferlijst;Percentiel slaag;Percentiel ce;Percentiel se
School;04. 40776-01ET-000;23-24;Definitief;Cultuur en Maatschappij;10;8;;80;6900000;6900000;7000000;12;85;87
School;04. 40776-01ET-000;23-24;Definitief;Economie en Maatschappij;13;13;0;100;6600000;6600000;6600000;76;68;76
School;04. 40776-01ET-000;23-24;Definitief;Economie en Maatschappij / Cultuur en Maatschappij;19;18;;95;6600000;6700000;6700000;77;43;63
School;04. 40776-01ET-000;23-24;Definitief;Natuur en Gezondheid;17;15;;88;6700000;6600000;6700000;56;84;80
School;04. 40776-01ET-000;23-24;Definitief;Natuur en Techniek;10;7;;70;7000000;6700000;6900000;2;33;22
School;04. 40776-01ET-000;23-24;Definitief;Natuur en Techniek / Natuur en Gezondheid;41;40;;98;7300000;7000000;7200000;74;83;57
School;41. 42620-01FP-004;23-24;Definitief;Cultuur en Maatschappij;5;;;;6100000;6200000;6400000;;6;4
School;41. 42620-01FP-004;23-24;Definitief;Economie en Maatschappij;14;11;;79;6300000;6100000;6400000;18;26;15
School;41. 42620-01FP-004;23-24;Definitief;Economie en Maatschappij / Cultuur en Maatschappij;12;11;;92;6300000;6600000;6700000;60;13;42
School;41. 42620-01FP-004;23-24;Definitief;Natuur en Gezondheid;13;11;;85;6300000;6300000;6500000;38;33;34
School;41. 42620-01FP-004;23-24;Definitief;Natuur en Techniek;10;10;0;100;7200000;6700000;7200000;65;59;22
School;41. 42620-01FP-004;23-24;Definitief;Natuur en Techniek / Natuur en Gezondheid;22;20;;91;6800000;6600000;6900000;15;13;4
School;18. 31240-02CR-000;23-24;Definitief;Cultuur en Maatschappij;17;16;;94;6800000;6800000;7000000;62;77;74
School;18. 31240-02CR-000;23-24;Definitief;Economie en Maatschappij / Cultuur en Maatschappij;27;24;;89;6800000;6800000;6900000;45;63;80
School;18. 31240-02CR-000;23-24;Definitief;Natuur en Gezondheid;22;19;;86;6500000;6600000;6800000;45;57;80
School;18. 31240-02CR-000;23-24;Definitief;Natuur en Techniek;10;10;0;100;7100000;6700000;7000000;65;48;22
School;18. 31240-02CR-000;23-24;Definitief;Natuur en Techniek / Natuur en Gezondheid;26;25;;96;7400000;7300000;7500000;61;94;96
School;16. 33944-02DQ-000;23-24;Definitief;Cultuur en Maatschappij;11;10;;91;6600000;6500000;6500000;49;51;28
School;16. 33944-02DQ-000;23-24;Definitief;Economie en Maatschappij;6;5;;83;6600000;6500000;6600000;32;68;53
School;16. 33944-02DQ-000;23-24;Definitief;Economie en Maatschappij / Cultuur en Maatschappij;19;18;;95;7100000;7100000;7100000;77;94;96
School;16. 33944-02DQ-000;23-24;Definitief;Natuur en Gezondheid;14;14;0;100;7100000;6800000;6900000;88;99;98
School;16. 33944-02DQ-000;23-24;Definitief;Natuur en Techniek;7;7;0;100;7500000;7000000;7200000;65;75;56
School;16. 33944-02DQ-000;23-24;Definitief;Natuur en Techniek / Natuur en Gezondheid;46;46;0;100;7200000;7000000;7100000;90;67;57
School;21. 13556-02DW-000;23-24;Definitief;Cultuur en Maatschappij;15;13;;87;6200000;6600000;6400000;34;13;44
School;21. 13556-02DW-000;23-24;Definitief;Economie en Maatschappij / Cultuur en Maatschappij;9;7;;78;6000000;6100000;6100000;6;4;1
School;21. 13556-02DW-000;23-24;Definitief;Natuur en Gezondheid;16;13;;81;6300000;6300000;6400000;25;33;34
School;21. 13556-02DW-000;23-24;Definitief;Natuur en Techniek;7;7;0;100;7000000;6900000;7000000;65;33;42
School;21. 13556-02DW-000;23-24;Definitief;Natuur en Techniek / Natuur en Gezondheid;33;30;;91;7000000;6900000;7000000;15;31;33
School;08. 41211-02FY-007;23-24;Definitief;Economie en Maatschappij / Cultuur en Maatschappij;16;14;;88;6700000;7200000;7100000;39;52;99
School;08. 41211-02FY-007;23-24;Definitief;Natuur en Techniek;6;6;0;100;7100000;7100000;7100000;65;48;67
School;08. 41211-02FY-007;23-24;Definitief;Natuur en Techniek / Natuur en Gezondheid;19;17;;89;6700000;7000000;6900000;8;8;57
School;30. 42992-02QO-000;23-24;Definitief;Cultuur en Maatschappij;32;29;;91;6300000;6500000;6600000;49;21;28
School;30. 42992-02QO-000;23-24;Definitief;Economie en Maatschappij / Cultuur en Maatschappij;21;19;;90;6400000;6700000;6700000;51;20;63
School;30. 42992-02QO-000;23-24;Definitief;Natuur en Gezondheid;15;13;;87;6100000;6400000;6500000;50;10;48
School;30. 42992-02QO-000;23-24;Definitief;Natuur en Techniek;10;9;;90;6900000;7000000;7100000;15;19;56
School;30. 42992-02QO-000;23-24;Definitief;Natuur en Techniek / Natuur en Gezondheid;53;45;8;85;6900000;7100000;7100000;2;19;76
School;10. 40856-02QP-000;23-24;Definitief;Cultuur en Maatschappij;7;6;;86;6600000;6500000;6600000;28;51;28
School;10. 40856-02QP-000;23-24;Definitief;Economie en Maatschappij;8;6;;75;6300000;6000000;6100000;9;26;9
School;10. 40856-02QP-000;23-24;Definitief;Economie en Maatschappij / Cultuur en Maatschappij;18;15;;83;6900000;6700000;6900000;16;76;63
School;10. 40856-02QP-000;23-24;Definitief;Natuur en Gezondheid;6;6;0;100;6200000;6300000;6300000;88;21;34
School;10. 40856-02QP-000;23-24;Definitief;Natuur en Techniek / Natuur en Gezondheid;13;13;0;100;7500000;7200000;7400000;90;99;89
School;46. 41298-02VO-000;23-24;Definitief;Economie en Maatschappij;8;7;;88;6400000;6600000;6700000;50;44;76
School;46. 41298-02VO-000;23-24;Definitief;Economie en Maatschappij / Cultuur en Maatschappij;15;12;;80;6200000;6500000;6500000;9;10;23
School;46. 41298-02VO-000;23-24;Definitief;Natuur en Gezondheid;12;12;0;100;6700000;6500000;6700000;88;84;63
School;46. 41298-02VO-000;23-24;Definitief;Natuur en Techniek;11;10;;91;7000000;7200000;7200000;18;33;73
School;46. 41298-02VO-000;23-24;Definitief;Natuur en Techniek / Natuur en Gezondheid;39;37;;95;7100000;6900000;7100000;52;48;33
School;09. 42992-03AM-000;23-24;Definitief;Cultuur en Maatschappij;24;23;;96;6700000;6700000;6700000;76;67;56
School;09. 42992-03AM-000;23-24;Definitief;Economie en Maatschappij;5;5;0;100;7000000;6600000;6800000;76;91;76
School;09. 42992-03AM-000;23-24;Definitief;Economie en Maatschappij / Cultuur en Maatschappij;58;57;;98;6800000;6700000;6800000;91;63;63
School;09. 42992-03AM-000;23-24;Definitief;Natuur en Gezondheid;27;25;;93;6700000;6500000;6600000;68;84;63
School;09. 42992-03AM-000;23-24;Definitief;Natuur en Techniek;8;8;0;100;7100000;6600000;6900000;65;48;14
School;09. 42992-03AM-000;23-24;Definitief;Natuur en Techniek / Natuur en Gezondheid;26;26;0;100;7200000;6900000;7100000;90;67;33
School;34. 40996-04DS-000;23-24;Definitief;Cultuur en Maatschappij;6;5;;83;6500000;6800000;7000000;19;36;74
School;34. 40996-04DS-000;23-24;Definitief;Economie en Maatschappij / Cultuur en Maatschappij;5;5;0;100;7100000;6800000;7100000;96;94;80
School;34. 40996-04DS-000;23-24;Definitief;Natuur en Gezondheid;14;13;;93;6400000;6600000;6700000;68;46;80
School;34. 40996-04DS-000;23-24;Definitief;Natuur en Techniek;8;8;0;100;6800000;6300000;6700000;65;9;2
School;34. 40996-04DS-000;23-24;Definitief;Natuur en Techniek / Natuur en Gezondheid;19;18;;95;7300000;7100000;7400000;52;83;76
School;32. 20151-14QT-000;23-24;Definitief;Cultuur en Maatschappij;16;14;;88;6300000;6300000;6600000;38;21;8
School;32. 20151-14QT-000;23-24;Definitief;Economie en Maatschappij / Cultuur en Maatschappij;19;16;;84;6400000;6400000;6700000;18;20;10
School;32. 20151-14QT-000;23-24;Definitief;Natuur en Gezondheid;6;6;0;100;6200000;6200000;6400000;88;21;21
School;32. 20151-14QT-000;23-24;Definitief;Natuur en Techniek;9;9;0;100;7000000;6800000;7100000;65;33;31
School;32. 20151-14QT-000;23-24;Definitief;Natuur en Techniek / Natuur en Gezondheid;31;28;;90;7000000;6800000;7100000;11;31;13
School;43. 42621-14RF-006;23-24;Definitief;Cultuur en Maatschappij;12;12;0;100;7100000;7000000;7100000;89;90;92
School;43. 42621-14RF-006;23-24;Definitief;Economie en Maatschappij / Cultuur en Maatschappij;34;33;;97;6900000;6600000;6800000;88;76;42
School;43. 42621-14RF-006;23-24;Definitief;Natuur en Gezondheid;14;13;;93;6400000;6500000;6600000;68;46;63
School;43. 42621-14RF-006;23-24;Definitief;Natuur en Techniek;12;12;0;100;7100000;7000000;7200000;65;48;56
School;43. 42621-14RF-006;23-24;Definitief;Natuur en Techniek / Natuur en Gezondheid;30;28;;93;7000000;6900000;7100000;31;31;33
School;25. 41347-14WI-000;23-24;Definitief;Cultuur en Maatschappij;15;12;;80;6400000;6600000;6700000;12;28;44
School;25. 41347-14WI-000;23-24;Definitief;Economie en Maatschappij / Cultuur en Maatschappij;15;13;;87;6600000;6600000;6800000;33;43;42
School;25. 41347-14WI-000;23-24;Definitief;Natuur en Gezondheid;15;8;7;53;5900000;6200000;6300000;4;4;21
School;25. 41347-14WI-000;23-24;Definitief;Natuur en Techniek / Natuur en Gezondheid;14;13;;93;7100000;7300000;7400000;31;48;96
School;36. 41475-15JM-000;23-24;Definitief;Cultuur en Maatschappij;15;15;0;100;7200000;7100000;7200000;89;95;97
School;36. 41475-15JM-000;23-24;Definitief;Economie en Maatschappij;13;13;0;100;6600000;6400000;6600000;76;68;44
School;36. 41475-15JM-000;23-24;Definitief;Economie en Maatschappij / Cultuur en Maatschappij;41;39;;95;7000000;6900000;7000000;77;87;89
School;36. 41475-15JM-000;23-24;Definitief;Natuur en Gezondheid;29;28;;97;6800000;6700000;6800000;74;94;93
School;36. 41475-15JM-000;23-24;Definitief;Natuur en Techniek;7;7;0;100;7500000;7100000;7400000;65;75;67
School;36. 41475-15JM-000;23-24;Definitief;Natuur en Techniek / Natuur en Gezondheid;66;66;0;100;7200000;7000000;7200000;90;67;57
School;31. 41775-15SC-000;23-24;Definitief;Cultuur en Maatschappij;13;12;;92;7100000;6500000;6800000;57;90;28
School;31. 41775-15SC-000;23-24;Definitief;Economie en Maatschappij / Cultuur en Maatschappij;33;28;5;85;6800000;6600000;6700000;23;63;42
School;31. 41775-15SC-000;23-24;Definitief;Natuur en Gezondheid;14;11;;79;6600000;6300000;6400000;20;70;34
School;31. 41775-15SC-000;23-24;Definitief;Natuur en Techniek;11;11;0;100;7100000;6700000;6900000;65;48;22
School;31. 41775-15SC-000;23-24;Definitief;Natuur en Techniek / Natuur en Gezondheid;86;85;;99;7300000;6900000;7100000;80;83;33
School;35. 40094-16PA-000;23-24;Definitief;Cultuur en Maatschappij;30;24;6;80;6600000;6700000;6700000;12;51;56
School;35. 40094-16PA-000;23-24;Definitief;Economie en Maatschappij;8;8;0;100;6800000;6600000;6700000;76;79;76
School;35. 40094-16PA-000;23-24;Definitief;Economie en Maatschappij / Cultuur en Maatschappij;39;35;;90;6900000;6900000;6900000;51;76;89
School;35. 40094-16PA-000;23-24;Definitief;Natuur en Gezondheid;33;28;5;85;6800000;6800000;6900000;38;94;98
School;35. 40094-16PA-000;23-24;Definitief;Natuur en Techniek;9;8;;89;7800000;7600000;7700000;12;97;95
School;35. 40094-16PA-000;23-24;Definitief;Natuur en Techniek / Natuur en Gezondheid;35;33;;94;7300000;7200000;7300000;42;83;89
School;28. 41211-17JY-000;23-24;Definitief;Cultuur en Maatschappij;13;13;0;100;6700000;6800000;6900000;89;67;74
School;28. 41211-17JY-000;23-24;Definitief;Economie en Maatschappij / Cultuur en Maatschappij;38;35;;92;6600000;6500000;6700000;60;43;23
School;28. 41211-17JY-000;23-24;Definitief;Natuur en Gezondheid;6;5;;83;6300000;6200000;6300000;31;33;21
School;28. 41211-17JY-000;23-24;Definitief;Natuur en Techniek;12;12;0;100;7400000;7300000;7400000;65;67;78
School;28. 41211-17JY-000;23-24;Definitief;Natuur en Techniek / Natuur en Gezondheid;35;34;;97;6900000;6800000;7000000;65;19;13
School;45. 99048-19HV-000;23-24;Definitief;Cultuur en Maatschappij;14;9;5;64;6000000;6500000;6500000;4;1;28
School;45. 99048-19HV-000;23-24;Definitief;Economie en Maatschappij;23;17;6;74;6200000;6600000;6800000;3;12;76
School;45. 99048-19HV-000;23-24;Definitief;Economie en Maatschappij / Cultuur en Maatschappij;6;;;;5900000;6400000;6600000;;1;10
School;45. 99048-19HV-000;23-24;Definitief;Natuur en Gezondheid;21;11;10;52;5700000;6200000;6300000;1;1;21
School;45. 99048-19HV-000;23-24;Definitief;Natuur en Techniek;10;10;0;100;6900000;7100000;7400000;65;19;67
School;45. 99048-19HV-000;23-24;Definitief;Natuur en Techniek / Natuur en Gezondheid;20;19;;95;6700000;6900000;7100000;52;8;33
School;13. 41386-19ZU-000;23-24;Definitief;Cultuur en Maatschappij;12;10;;83;6500000;6700000;6800000;19;36;56
School;13. 41386-19ZU-000;23-24;Definitief;Economie en Maatschappij;14;11;;79;6200000;6200000;6300000;18;12;24
School;13. 41386-19ZU-000;23-24;Definitief;Economie en Maatschappij / Cultuur en Maatschappij;20;17;;85;6500000;6600000;6700000;23;32;42
School;13. 41386-19ZU-000;23-24;Definitief;Natuur en Gezondheid;22;19;;86;6400000;6400000;6500000;45;46;48
School;13. 41386-19ZU-000;23-24;Definitief;Natuur en Techniek;6;;;;6600000;6800000;6900000;;2;31
School;13. 41386-19ZU-000;23-24;Definitief;Natuur en Techniek / Natuur en Gezondheid;36;35;;97;7000000;6900000;7000000;65;31;33
School;01. 13652-20AA-000;23-24;Definitief;Cultuur en Maatschappij;11;10;;91;6400000;6500000;6500000;49;28;28
School;01. 13652-20AA-000;23-24;Definitief;Economie en Maatschappij / Cultuur en Maatschappij;19;17;;89;6500000;6700000;6700000;45;32;63
School;01. 13652-20AA-000;23-24;Definitief;Natuur en Gezondheid;18;14;;78;6100000;6000000;6100000;16;10;1
School;01. 13652-20AA-000;23-24;Definitief;Natuur en Techniek / Natuur en Gezondheid;44;43;;98;7200000;7100000;7200000;74;67;76
School;14. 41525-20AI-000;23-24;Definitief;Cultuur en Maatschappij;19;18;;95;6300000;6400000;6600000;69;21;14
School;14. 41525-20AI-000;23-24;Definitief;Economie en Maatschappij / Cultuur en Maatschappij;21;20;;95;6700000;6700000;6900000;77;52;63
School;14. 41525-20AI-000;23-24;Definitief;Natuur en Gezondheid;40;26;14;65;6200000;6200000;6400000;9;21;21
School;14. 41525-20AI-000;23-24;Definitief;Natuur en Techniek;6;6;0;100;7600000;7400000;7600000;65;86;84
School;14. 41525-20AI-000;23-24;Definitief;Natuur en Techniek / Natuur en Gezondheid;45;44;;98;6900000;6900000;7100000;74;19;33
School;22. 13556-20AJ-000;23-24;Definitief;Cultuur en Maatschappij;14;14;0;100;6700000;6700000;6800000;89;67;56
School;22. 13556-20AJ-000;23-24;Definitief;Economie en Maatschappij;7;6;;86;6400000;5800000;6200000;44;44;3
School;22. 13556-20AJ-000;23-24;Definitief;Economie en Maatschappij / Cultuur en Maatschappij;37;30;7;81;6700000;6500000;6700000;11;52;23
School;22. 13556-20AJ-000;23-24;Definitief;Natuur en Gezondheid;16;16;0;100;6600000;6600000;6700000;88;70;80
School;22. 13556-20AJ-000;23-24;Definitief;Natuur en Techniek / Natuur en Gezondheid;33;31;;94;7300000;7100000;7300000;42;83;76
School;17. 42510-20BV-000;23-24;Definitief;Cultuur en Maatschappij;22;22;0;100;6800000;6800000;6900000;89;77;74
School;17. 42510-20BV-000;23-24;Definitief;Economie en Maatschappij / Cultuur en Maatschappij;22;19;;86;6500000;6500000;6600000;28;32;23
School;17. 42510-20BV-000;23-24;Definitief;Natuur en Gezondheid;39;32;7;82;6400000;6400000;6500000;29;46;48
School;17. 42510-20BV-000;23-24;Definitief;Natuur en Techniek;12;11;;92;7000000;6900000;7100000;22;33;42
School;17. 42510-20BV-000;23-24;Definitief;Natuur en Techniek / Natuur en Gezondheid;43;40;;93;7100000;7100000;7200000;31;48;76
School;38. 42623-20CF-000;23-24;Definitief;Cultuur en Maatschappij;18;17;;94;6900000;6800000;6800000;62;85;74
School;38. 42623-20CF-000;23-24;Definitief;Economie en Maatschappij / Cultuur en Maatschappij;33;30;;91;6600000;6400000;6600000;55;43;10
School;38. 42623-20CF-000;23-24;Definitief;Natuur en Gezondheid;11;11;0;100;6700000;6400000;6500000;88;84;48
School;38. 42623-20CF-000;23-24;Definitief;Natuur en Techniek;5;;;;6700000;6400000;6500000;;5;6
School;38. 42623-20CF-000;23-24;Definitief;Natuur en Techniek / Natuur en Gezondheid;48;44;;92;7000000;6800000;6900000;21;31;13
School;29. 41285-20CI-000;23-24;Definitief;Cultuur en Maatschappij;15;15;0;100;6500000;6800000;6700000;89;36;74
School;29. 41285-20CI-000;23-24;Definitief;Economie en Maatschappij;12;10;;83;6300000;6300000;6400000;32;26;35
School;29. 41285-20CI-000;23-24;Definitief;Economie en Maatschappij / Cultuur en Maatschappij;34;28;6;82;6500000;6700000;6600000;13;32;63
School;29. 41285-20CI-000;23-24;Definitief;Natuur en Gezondheid;29;27;;93;6500000;6500000;6600000;68;57;63
School;29. 41285-20CI-000;23-24;Definitief;Natuur en Techniek;8;8;0;100;7600000;7400000;7500000;65;86;84
School;29. 41285-20CI-000;23-24;Definitief;Natuur en Techniek / Natuur en Gezondheid;63;62;;98;7200000;7100000;7200000;74;67;76
School;02. 41208-20CK-000;23-24;Definitief;Cultuur en Maatschappij;11;10;;91;6800000;6600000;6800000;49;77;44
School;02. 41208-20CK-000;23-24;Definitief;Economie en Maatschappij / Cultuur en Maatschappij;23;22;;96;7300000;7000000;7200000;84;99;94
School;02. 41208-20CK-000;23-24;Definitief;Natuur en Gezondheid;13;11;;85;6400000;6100000;6300000;38;46;7
School;02. 41208-20CK-000;23-24;Definitief;Natuur en Techniek;6;5;;83;6900000;6900000;7000000;8;19;42
School;02. 41208-20CK-000;23-24;Definitief;Natuur en Techniek / Natuur en Gezondheid;51;51;0;100;7300000;7000000;7200000;90;83;57
School;33. 41568-20DC-000;23-24;Definitief;Cultuur en Maatschappij;10;9;;90;6500000;6800000;6700000;42;36;74
School;33. 41568-20DC-000;23-24;Definitief;Economie en Maatschappij / Cultuur en Maatschappij;21;16;5;76;6100000;6500000;6500000;4;6;23
School;33. 41568-20DC-000;23-24;Definitief;Natuur en Gezondheid;13;10;;77;6200000;6600000;6500000;14;21;80
School;33. 41568-20DC-000;23-24;Definitief;Natuur en Techniek / Natuur en Gezondheid;33;28;5;85;6600000;7000000;6900000;2;2;57
School;23. 13749-20DD-000;23-24;Definitief;Economie en Maatschappij / Cultuur en Maatschappij;34;33;;97;6700000;6500000;6700000;88;52;23
School;23. 13749-20DD-000;23-24;Definitief;Natuur en Gezondheid;16;14;;88;6600000;6200000;6400000;56;70;21
School;23. 13749-20DD-000;23-24;Definitief;Natuur en Techniek;27;27;0;100;7300000;7000000;7300000;65;64;56
School;23. 13749-20DD-000;23-24;Definitief;Natuur en Techniek / Natuur en Gezondheid;70;65;5;93;6900000;6700000;6900000;31;19;6
School;37. 13556-20DG-000;23-24;Definitief;Cultuur en Maatschappij;9;5;;56;6100000;6100000;6300000;1;6;1
School;37. 13556-20DG-000;23-24;Definitief;Economie en Maatschappij;5;5;0;100;7200000;7200000;7200000;76;97;97
School;37. 13556-20DG-000;23-24;Definitief;Economie en Maatschappij / Cultuur en Maatschappij;22;22;0;100;6900000;6600000;6800000;96;76;42
School;37. 13556-20DG-000;23-24;Definitief;Natuur en Gezondheid;8;7;;88;6300000;6100000;6400000;56;33;7
School;37. 13556-20DG-000;23-24;Definitief;Natuur en Techniek;17;16;;94;6900000;6500000;6800000;25;19;11
School;37. 13556-20DG-000;23-24;Definitief;Natuur en Techniek / Natuur en Gezondheid;9;9;0;100;7100000;7000000;7100000;90;48;57
School;26. 13603-20DL-002;23-24;Definitief;Cultuur en Maatschappij;7;5;;71;6100000;6500000;6400000;7;6;28
School;26. 13603-20DL-002;23-24;Definitief;Economie en Maatschappij / Cultuur en Maatschappij;40;35;5;88;6200000;6700000;6700000;39;10;63
School;26. 13603-20DL-002;23-24;Definitief;Natuur en Gezondheid;5;;;;6100000;6700000;6500000;;10;93
School;26. 13603-20DL-002;23-24;Definitief;Natuur en Techniek / Natuur en Gezondheid;23;23;0;100;6600000;6800000;6900000;90;2;13
School;27. 42505-20DP-000;23-24;Definitief;Cultuur en Maatschappij;19;18;;95;6800000;6700000;6800000;69;77;56
School;27. 42505-20DP-000;23-24;Definitief;Economie en Maatschappij / Cultuur en Maatschappij;36;34;;94;7000000;6800000;7000000;68;87;80
School;27. 42505-20DP-000;23-24;Definitief;Natuur en Gezondheid;17;17;0;100;6600000;6400000;6500000;88;70;48
School;27. 42505-20DP-000;23-24;Definitief;Natuur en Techniek;12;12;0;100;7500000;7300000;7300000;65;75;78
School;27. 42505-20DP-000;23-24;Definitief;Natuur en Techniek / Natuur en Gezondheid;57;53;;93;7100000;7000000;7100000;31;48;57
School;11. 41513-20KZ-000;23-24;Definitief;Cultuur en Maatschappij;5;;;;6200000;6400000;6200000;;13;14
School;11. 41513-20KZ-000;23-24;Definitief;Economie en Maatschappij;6;6;0;100;6100000;6200000;6200000;76;3;24
School;11. 41513-20KZ-000;23-24;Definitief;Economie en Maatschappij / Cultuur en Maatschappij;24;22;;92;6400000;6700000;6600000;60;20;63
School;11. 41513-20KZ-000;23-24;Definitief;Natuur en Gezondheid;20;18;;90;6400000;6600000;6600000;61;46;80
School;11. 41513-20KZ-000;23-24;Definitief;Natuur en Techniek / Natuur en Gezondheid;39;38;;97;7100000;7100000;7100000;65;48;76
School;15. 41360-20LU-000;23-24;Definitief;Cultuur en Maatschappij;14;12;;86;6600000;6600000;6600000;28;51;44
School;15. 41360-20LU-000;23-24;Definitief;Economie en Maatschappij / Cultuur en Maatschappij;39;34;5;87;6900000;6800000;6900000;33;76;80
School;15. 41360-20LU-000;23-24;Definitief;Natuur en Gezondheid;14;10;;71;6300000;6400000;6500000;11;33;48
School;15. 41360-20LU-000;23-24;Definitief;Natuur en Techniek;10;10;0;100;7600000;7500000;7500000;65;86;89
School;15. 41360-20LU-000;23-24;Definitief;Natuur en Techniek / Natuur en Gezondheid;39;37;;95;7200000;7100000;7100000;52;67;76
School;06. 42818-20QU-000;23-24;Definitief;Cultuur en Maatschappij;7;6;;86;6300000;6300000;6400000;28;21;8
School;06. 42818-20QU-000;23-24;Definitief;Economie en Maatschappij / Cultuur en Maatschappij;26;22;;85;6500000;6600000;6600000;23;32;42
School;06. 42818-20QU-000;23-24;Definitief;Natuur en Gezondheid;28;22;6;79;6100000;6200000;6300000;20;10;21
School;06. 42818-20QU-000;23-24;Definitief;Natuur en Techniek;6;6;0;100;7700000;7600000;7700000;65;92;95
School;06. 42818-20QU-000;23-24;Definitief;Natuur en Techniek / Natuur en Gezondheid;20;19;;95;7100000;7200000;7200000;52;48;89
School;19. 13556-20QY-000;23-24;Definitief;Cultuur en Maatschappij;8;7;;88;6600000;6500000;6600000;38;51;28
School;19. 13556-20QY-000;23-24;Definitief;Economie en Maatschappij / Cultuur en Maatschappij;36;34;;94;6900000;6600000;6800000;68;76;42
School;19. 13556-20QY-000;23-24;Definitief;Natuur en Gezondheid;15;13;;87;6600000;6400000;6500000;50;70;48
School;19. 13556-20QY-000;23-24;Definitief;Natuur en Techniek;23;22;;96;7200000;6900000;7200000;28;59;42
School;19. 13556-20QY-000;23-24;Definitief;Natuur en Techniek / Natuur en Gezondheid;26;26;0;100;7400000;7300000;7400000;90;94;96
School;07. 13554-20RM-000;23-24;Definitief;Cultuur en Maatschappij;13;11;;85;6600000;6400000;6500000;23;51;14
School;07. 13554-20RM-000;23-24;Definitief;Economie en Maatschappij / Cultuur en Maatschappij;28;19;9;68;6400000;6200000;6400000;1;20;4
School;07. 13554-20RM-000;23-24;Definitief;Natuur en Gezondheid;13;11;;85;6200000;6100000;6200000;38;21;7
School;07. 13554-20RM-000;23-24;Definitief;Natuur en Techniek / Natuur en Gezondheid;65;57;8;88;6700000;6500000;6600000;6;8;1
School;03. 13556-21AB-000;23-24;Definitief;Cultuur en Maatschappij;17;17;0;100;7400000;6900000;7200000;89;99;87
School;03. 13556-21AB-000;23-24;Definitief;Economie en Maatschappij / Cultuur en Maatschappij;47;42;5;89;6800000;6400000;6700000;45;63;10
School;03. 13556-21AB-000;23-24;Definitief;Natuur en Gezondheid;8;5;;62;6500000;6100000;6400000;6;57;7
School;03. 13556-21AB-000;23-24;Definitief;Natuur en Techniek;11;11;0;100;7500000;6900000;7200000;65;75;42
School;03. 13556-21AB-000;23-24;Definitief;Natuur en Techniek / Natuur en Gezondheid;29;27;;93;7400000;6900000;7200000;31;94;33
School;05. 13556-21AF-000;23-24;Definitief;Cultuur en Maatschappij;20;19;;95;6700000;6800000;6800000;69;67;74
School;05. 13556-21AF-000;23-24;Definitief;Economie en Maatschappij / Cultuur en Maatschappij;38;36;;95;7100000;6900000;7100000;77;94;89
School;05. 13556-21AF-000;23-24;Definitief;Natuur en Gezondheid;17;17;0;100;6700000;6500000;6700000;88;84;63
School;05. 13556-21AF-000;23-24;Definitief;Natuur en Techniek / Natuur en Gezondheid;58;55;;95;7200000;6900000;7100000;52;67;33
School;42. 40586-30GC-000;23-24;Definitief;Cultuur en Maatschappij;23;22;;96;6600000;7000000;6900000;76;51;92
School;42. 40586-30GC-000;23-24;Definitief;Economie en Maatschappij;8;8;0;100;6400000;6300000;6500000;76;44;35
School;42. 40586-30GC-000;23-24;Definitief;Economie en Maatschappij / Cultuur en Maatschappij;39;34;5;87;6400000;6500000;6500000;33;20;23
School;42. 40586-30GC-000;23-24;Definitief;Natuur en Gezondheid;19;19;0;100;6600000;6600000;6600000;88;70;80
School;42. 40586-30GC-000;23-24;Definitief;Natuur en Techniek;5;5;0;100;7800000;7600000;7700000;65;97;95
School;42. 40586-30GC-000;23-24;Definitief;Natuur en Techniek / Natuur en Gezondheid;48;45;;94;7000000;6900000;7000000;42;31;33
School;27. 42505-30GD-000;23-24;Definitief;Cultuur en Maatschappij;18;18;0;100;7200000;7100000;7200000;89;95;97
School;27. 42505-30GD-000;23-24;Definitief;Economie en Maatschappij;6;5;;83;6500000;6500000;6700000;32;56;53
School;27. 42505-30GD-000;23-24;Definitief;Economie en Maatschappij / Cultuur en Maatschappij;44;41;;93;6800000;6600000;6800000;65;63;42
School;27. 42505-30GD-000;23-24;Definitief;Natuur en Gezondheid;16;13;;81;6800000;6500000;6800000;25;94;63
School;27. 42505-30GD-000;23-24;Definitief;Natuur en Techniek / Natuur en Gezondheid;71;65;6;92;7100000;6900000;7000000;21;48;33
School;44. 20151-31RY-000;23-24;Definitief;Cultuur en Maatschappij;12;11;;92;6600000;6700000;6900000;57;51;56
School;44. 20151-31RY-000;23-24;Definitief;Economie en Maatschappij;11;11;0;100;6900000;6600000;6900000;76;85;76
School;44. 20151-31RY-000;23-24;Definitief;Economie en Maatschappij / Cultuur en Maatschappij;11;11;0;100;7000000;6800000;7100000;96;87;80
School;44. 20151-31RY-000;23-24;Definitief;Natuur en Gezondheid;12;12;0;100;6600000;6600000;6900000;88;70;80
School;44. 20151-31RY-000;23-24;Definitief;Natuur en Techniek;14;11;;79;6800000;6400000;7000000;5;9;6
School;44. 20151-31RY-000;23-24;Definitief;Natuur en Techniek / Natuur en Gezondheid;22;20;;91;7200000;6800000;7300000;15;67;13
School;04. 40776-01ET-000;24-25;Voorlopig;Cultuur en Maatschappij;10;10;0;100;7200000;7100000;7200000;84;99;93
School;04. 40776-01ET-000;24-25;Voorlopig;Economie en Maatschappij;23;23;0;100;7000000;6600000;6800000;81;94;56
School;04. 40776-01ET-000;24-25;Voorlopig;Economie en Maatschappij / Cultuur en Maatschappij;28;28;0;100;6900000;6700000;6800000;91;84;59
School;04. 40776-01ET-000;24-25;Voorlopig;Natuur en Techniek;10;10;0;100;7900000;7700000;7800000;76;98;98
School;04. 40776-01ET-000;24-25;Voorlopig;Natuur en Techniek / Natuur en Gezondheid;34;31;;91;7200000;7000000;7100000;29;82;46
School;41. 42620-01FP-004;24-25;Voorlopig;Cultuur en Maatschappij;7;6;;86;6500000;6700000;6700000;37;42;49
School;41. 42620-01FP-004;24-25;Voorlopig;Economie en Maatschappij / Cultuur en Maatschappij;11;7;;64;5900000;6200000;6300000;1;1;1
School;41. 42620-01FP-004;24-25;Voorlopig;Natuur en Gezondheid;25;19;6;76;6200000;6300000;6400000;14;22;26
School;41. 42620-01FP-004;24-25;Voorlopig;Natuur en Techniek;11;10;;91;6600000;6500000;6800000;35;22;7
School;41. 42620-01FP-004;24-25;Voorlopig;Natuur en Techniek / Natuur en Gezondheid;25;24;;96;7100000;7100000;7200000;57;70;67
School;18. 31240-02CR-000;24-25;Voorlopig;Cultuur en Maatschappij;6;6;0;100;7100000;7100000;7100000;84;95;93
School;18. 31240-02CR-000;24-25;Voorlopig;Economie en Maatschappij;10;9;;90;6900000;7000000;7200000;47;82;94
School;18. 31240-02CR-000;24-25;Voorlopig;Economie en Maatschappij / Cultuur en Maatschappij;25;25;0;100;6600000;6800000;6900000;91;44;79
School;18. 31240-02CR-000;24-25;Voorlopig;Natuur en Gezondheid;13;12;;92;6700000;6700000;6900000;62;87;81
School;18. 31240-02CR-000;24-25;Voorlopig;Natuur en Techniek / Natuur en Gezondheid;30;29;;97;7600000;7700000;7700000;70;99;99
School;16. 33944-02DQ-000;24-25;Voorlopig;Cultuur en Maatschappij;6;6;0;100;7000000;6600000;6800000;84;91;36
School;16. 33944-02DQ-000;24-25;Voorlopig;Economie en Maatschappij;10;10;0;100;6800000;7000000;7000000;81;71;94
School;16. 33944-02DQ-000;24-25;Voorlopig;Economie en Maatschappij / Cultuur en Maatschappij;26;25;;96;6700000;6700000;6800000;73;61;59
School;16. 33944-02DQ-000;24-25;Voorlopig;Natuur en Gezondheid;12;12;0;100;6600000;6800000;6800000;88;76;90
School;16. 33944-02DQ-000;24-25;Voorlopig;Natuur en Techniek;11;10;;91;6900000;6900000;7000000;35;48;48
School;16. 33944-02DQ-000;24-25;Voorlopig;Natuur en Techniek / Natuur en Gezondheid;49;48;;98;7200000;7200000;7300000;81;82;81
School;21. 13556-02DW-000;24-25;Voorlopig;Cultuur en Maatschappij;13;13;0;100;6900000;6800000;6900000;84;84;63
School;21. 13556-02DW-000;24-25;Voorlopig;Economie en Maatschappij;15;12;;80;6600000;6400000;6600000;9;41;26
School;21. 13556-02DW-000;24-25;Voorlopig;Economie en Maatschappij / Cultuur en Maatschappij;15;14;;93;6700000;6500000;6700000;49;61;18
School;21. 13556-02DW-000;24-25;Voorlopig;Natuur en Gezondheid;24;22;;92;6500000;6600000;6600000;62;60;69
School;21. 13556-02DW-000;24-25;Voorlopig;Natuur en Techniek;5;;;;6900000;6700000;7000000;;48;18
School;21. 13556-02DW-000;24-25;Voorlopig;Natuur en Techniek / Natuur en Gezondheid;29;25;;86;6900000;6900000;7000000;11;42;29
School;08. 41211-02FY-007;24-25;Voorlopig;Economie en Maatschappij / Cultuur en Maatschappij;18;16;;89;6500000;6900000;6800000;28;32;94
School;08. 41211-02FY-007;24-25;Voorlopig;Natuur en Gezondheid;12;10;;83;5900000;6400000;6400000;30;9;38
School;08. 41211-02FY-007;24-25;Voorlopig;Natuur en Techniek;5;;;;6500000;6500000;6700000;;15;7
School;08. 41211-02FY-007;24-25;Voorlopig;Natuur en Techniek / Natuur en Gezondheid;19;14;5;74;6300000;7000000;6900000;4;4;46
School;30. 42992-02QO-000;24-25;Voorlopig;Cultuur en Maatschappij;17;12;5;71;6100000;6500000;6700000;14;8;18
School;30. 42992-02QO-000;24-25;Voorlopig;Economie en Maatschappij / Cultuur en Maatschappij;20;19;;95;6400000;6800000;7000000;66;20;79
School;30. 42992-02QO-000;24-25;Voorlopig;Natuur en Gezondheid;13;12;;92;6200000;6600000;6800000;62;22;69
School;30. 42992-02QO-000;24-25;Voorlopig;Natuur en Techniek;5;;;;6400000;6800000;6800000;;8;32
School;30. 42992-02QO-000;24-25;Voorlopig;Natuur en Techniek / Natuur en Gezondheid;27;19;8;70;6200000;6700000;6800000;1;1;4
School;10. 40856-02QP-000;24-25;Voorlopig;Economie en Maatschappij;9;8;;89;6500000;6500000;6600000;38;24;38
School;10. 40856-02QP-000;24-25;Voorlopig;Economie en Maatschappij / Cultuur en Maatschappij;25;19;6;76;6400000;6600000;6600000;7;20;34
School;10. 40856-02QP-000;24-25;Voorlopig;Natuur en Gezondheid;13;13;0;100;6900000;6800000;7000000;88;96;90
School;10. 40856-02QP-000;24-25;Voorlopig;Natuur en Techniek / Natuur en Gezondheid;12;12;0;100;7200000;7100000;7300000;93;82;67
School;46. 41298-02VO-000;24-25;Voorlopig;Cultuur en Maatschappij;9;9;0;100;6800000;6900000;6900000;84;71;74
School;46. 41298-02VO-000;24-25;Voorlopig;Economie en Maatschappij;9;8;;89;6600000;6600000;6700000;38;41;56
School;46. 41298-02VO-000;24-25;Voorlopig;Economie en Maatschappij / Cultuur en Maatschappij;21;18;;86;6600000;6600000;6800000;20;44;34
School;46. 41298-02VO-000;24-25;Voorlopig;Natuur en Gezondheid;15;13;;87;6500000;6600000;6700000;43;60;69
School;46. 41298-02VO-000;24-25;Voorlopig;Natuur en Techniek;15;14;;93;6600000;6600000;6900000;43;22;13
School;46. 41298-02VO-000;24-25;Voorlopig;Natuur en Techniek / Natuur en Gezondheid;40;35;5;88;7000000;7000000;7100000;17;56;46
School;09. 42992-03AM-000;24-25;Voorlopig;Cultuur en Maatschappij;14;12;;86;6400000;6600000;6500000;37;32;36
School;09. 42992-03AM-000;24-25;Voorlopig;Economie en Maatschappij / Cultuur en Maatschappij;56;47;9;84;6400000;6700000;6700000;16;20;59
School;09. 42992-03AM-000;24-25;Voorlopig;Natuur en Gezondheid;13;12;;92;7100000;6900000;7000000;62;99;99
School;09. 42992-03AM-000;24-25;Voorlopig;Natuur en Techniek;18;16;;89;6900000;7000000;7000000;24;48;62
School;09. 42992-03AM-000;24-25;Voorlopig;Natuur en Techniek / Natuur en Gezondheid;26;25;;96;7300000;7400000;7400000;57;90;96
School;34. 40996-04DS-000;24-25;Voorlopig;Cultuur en Maatschappij;9;6;;67;6300000;6400000;6700000;4;24;4
School;34. 40996-04DS-000;24-25;Voorlopig;Economie en Maatschappij / Cultuur en Maatschappij;7;7;0;100;6500000;6800000;6900000;91;32;79
School;34. 40996-04DS-000;24-25;Voorlopig;Natuur en Gezondheid;19;19;0;100;6400000;6400000;6700000;88;49;38
School;34. 40996-04DS-000;24-25;Voorlopig;Natuur en Techniek;11;10;;91;6900000;7000000;7300000;35;48;62
School;34. 40996-04DS-000;24-25;Voorlopig;Natuur en Techniek / Natuur en Gezondheid;29;28;;97;7000000;7100000;7200000;70;56;67
School;32. 20151-14QT-000;24-25;Voorlopig;Economie en Maatschappij / Cultuur en Maatschappij;30;27;;90;6700000;6700000;7000000;32;61;59
School;32. 20151-14QT-000;24-25;Voorlopig;Natuur en Techniek;12;10;;83;6900000;6800000;7000000;9;48;32
School;32. 20151-14QT-000;24-25;Voorlopig;Natuur en Techniek / Natuur en Gezondheid;29;26;;90;6600000;6600000;6800000;23;12;1
School;43. 42621-14RF-006;24-25;Voorlopig;Cultuur en Maatschappij;18;18;0;100;6800000;7000000;7000000;84;71;82
School;43. 42621-14RF-006;24-25;Voorlopig;Economie en Maatschappij / Cultuur en Maatschappij;33;31;;94;6800000;6600000;6800000;59;73;34
School;43. 42621-14RF-006;24-25;Voorlopig;Natuur en Gezondheid;12;9;;75;6400000;6200000;6500000;12;49;12
School;43. 42621-14RF-006;24-25;Voorlopig;Natuur en Techniek;22;21;;95;7100000;6900000;7100000;50;67;48
School;43. 42621-14RF-006;24-25;Voorlopig;Natuur en Techniek / Natuur en Gezondheid;31;29;;94;7000000;6900000;7100000;46;56;29
School;25. 41347-14WI-000;24-25;Voorlopig;Cultuur en Maatschappij;19;15;;79;6500000;6800000;6800000;25;42;63
School;25. 41347-14WI-000;24-25;Voorlopig;Economie en Maatschappij / Cultuur en Maatschappij;11;8;;73;6100000;6400000;6400000;4;6;10
School;25. 41347-14WI-000;24-25;Voorlopig;Natuur en Gezondheid;12;11;;92;5900000;6400000;6400000;62;9;38
School;25. 41347-14WI-000;24-25;Voorlopig;Natuur en Techniek / Natuur en Gezondheid;28;24;;86;6500000;6800000;6800000;11;6;13
School;36. 41475-15JM-000;24-25;Voorlopig;Cultuur en Maatschappij;19;18;;95;6700000;7000000;7000000;67;58;82
School;36. 41475-15JM-000;24-25;Voorlopig;Economie en Maatschappij;22;22;0;100;6700000;6700000;6800000;81;59;71
School;36. 41475-15JM-000;24-25;Voorlopig;Economie en Maatschappij / Cultuur en Maatschappij;44;41;;93;6500000;6700000;6700000;49;32;59
School;36. 41475-15JM-000;24-25;Voorlopig;Natuur en Gezondheid;21;18;;86;6300000;6600000;6600000;41;35;69
School;36. 41475-15JM-000;24-25;Voorlopig;Natuur en Techniek;6;6;0;100;7700000;7300000;7700000;76;92;83
School;36. 41475-15JM-000;24-25;Voorlopig;Natuur en Techniek / Natuur en Gezondheid;60;58;;97;7000000;7200000;7200000;70;56;81
School;31. 41775-15SC-000;24-25;Voorlopig;Cultuur en Maatschappij;14;14;0;100;7100000;6800000;7000000;84;95;63
School;31. 41775-15SC-000;24-25;Voorlopig;Economie en Maatschappij;5;5;0;100;6800000;6500000;6600000;81;71;38
School;31. 41775-15SC-000;24-25;Voorlopig;Economie en Maatschappij / Cultuur en Maatschappij;35;35;0;100;6900000;6700000;6800000;91;84;59
School;31. 41775-15SC-000;24-25;Voorlopig;Natuur en Gezondheid;26;22;;85;6300000;6500000;6400000;36;35;51
School;31. 41775-15SC-000;24-25;Voorlopig;Natuur en Techniek / Natuur en Gezondheid;96;95;;99;7100000;7100000;7100000;85;70;67
School;35. 40094-16PA-000;24-25;Voorlopig;Cultuur en Maatschappij;29;29;0;100;6900000;7100000;7100000;84;84;93
School;35. 40094-16PA-000;24-25;Voorlopig;Economie en Maatschappij;6;6;0;100;6700000;6800000;6900000;81;59;82
School;35. 40094-16PA-000;24-25;Voorlopig;Economie en Maatschappij / Cultuur en Maatschappij;32;29;;91;6900000;6900000;7000000;38;84;94
School;35. 40094-16PA-000;24-25;Voorlopig;Natuur en Gezondheid;29;29;0;100;6600000;6800000;6900000;88;76;90
School;35. 40094-16PA-000;24-25;Voorlopig;Natuur en Techniek;10;9;;90;7200000;6800000;7200000;28;72;32
School;35. 40094-16PA-000;24-25;Voorlopig;Natuur en Techniek / Natuur en Gezondheid;38;37;;97;7400000;7300000;7500000;70;95;90
School;28. 41211-17JY-000;24-25;Voorlopig;Cultuur en Maatschappij;13;8;5;62;6100000;6600000;6500000;1;8;36
School;28. 41211-17JY-000;24-25;Voorlopig;Economie en Maatschappij / Cultuur en Maatschappij;22;20;;91;6700000;6600000;6800000;38;61;34
School;28. 41211-17JY-000;24-25;Voorlopig;Natuur en Gezondheid;5;5;0;100;6700000;6800000;6900000;88;87;90
School;28. 41211-17JY-000;24-25;Voorlopig;Natuur en Techniek;10;10;0;100;7300000;7300000;7400000;76;77;83
School;28. 41211-17JY-000;24-25;Voorlopig;Natuur en Techniek / Natuur en Gezondheid;30;30;0;100;7000000;7100000;7200000;93;56;67
School;45. 99048-19HV-000;24-25;Voorlopig;Cultuur en Maatschappij;9;7;;78;6200000;6500000;6500000;22;16;18
School;45. 99048-19HV-000;24-25;Voorlopig;Economie en Maatschappij;23;19;;83;6300000;6600000;6800000;16;15;56
School;45. 99048-19HV-000;24-25;Voorlopig;Natuur en Gezondheid;9;7;;78;6000000;6200000;6400000;17;14;12
School;45. 99048-19HV-000;24-25;Voorlopig;Natuur en Techniek;8;8;0;100;6100000;6400000;6600000;76;2;2
School;45. 99048-19HV-000;24-25;Voorlopig;Natuur en Techniek / Natuur en Gezondheid;13;12;;92;7000000;7200000;7400000;36;56;81
School;13. 41386-19ZU-000;24-25;Voorlopig;Cultuur en Maatschappij;9;8;;89;6800000;6900000;7000000;51;71;74
School;13. 41386-19ZU-000;24-25;Voorlopig;Economie en Maatschappij;7;6;;86;6200000;6100000;6200000;22;9;3
School;13. 41386-19ZU-000;24-25;Voorlopig;Economie en Maatschappij / Cultuur en Maatschappij;16;15;;94;6400000;6400000;6500000;59;20;10
School;13. 41386-19ZU-000;24-25;Voorlopig;Natuur en Gezondheid;16;11;5;69;6300000;6300000;6400000;4;35;26
School;13. 41386-19ZU-000;24-25;Voorlopig;Natuur en Techniek / Natuur en Gezondheid;36;33;;92;6700000;6800000;6900000;36;21;13
School;01. 13652-20AA-000;24-25;Voorlopig;Cultuur en Maatschappij;7;6;;86;5900000;6500000;6300000;37;1;18
School;01. 13652-20AA-000;24-25;Voorlopig;Economie en Maatschappij / Cultuur en Maatschappij;11;10;;91;6200000;6800000;6600000;38;10;79
School;01. 13652-20AA-000;24-25;Voorlopig;Natuur en Gezondheid;13;7;6;54;5800000;6100000;6100000;1;4;4
School;01. 13652-20AA-000;24-25;Voorlopig;Natuur en Techniek;12;9;;75;6600000;6800000;6800000;2;22;32
School;01. 13652-20AA-000;24-25;Voorlopig;Natuur en Techniek / Natuur en Gezondheid;32;31;;97;6800000;7000000;7000000;70;31;46
School;14. 41525-20AI-000;24-25;Voorlopig;Cultuur en Maatschappij;14;12;;86;6400000;6500000;6700000;37;32;18
School;14. 41525-20AI-000;24-25;Voorlopig;Economie en Maatschappij;5;5;0;100;6600000;6200000;6500000;81;41;9
School;14. 41525-20AI-000;24-25;Voorlopig;Economie en Maatschappij / Cultuur en Maatschappij;14;14;0;100;7100000;7100000;7300000;91;99;99
School;14. 41525-20AI-000;24-25;Voorlopig;Natuur en Gezondheid;22;18;;82;6300000;6200000;6500000;26;35;12
School;14. 41525-20AI-000;24-25;Voorlopig;Natuur en Techniek;6;5;;83;7500000;7600000;7600000;9;85;95
School;14. 41525-20AI-000;24-25;Voorlopig;Natuur en Techniek / Natuur en Gezondheid;30;29;;97;6800000;6900000;7000000;70;31;29
School;22. 13556-20AJ-000;24-25;Voorlopig;Cultuur en Maatschappij;14;13;;93;6200000;6500000;6400000;63;16;18
School;22. 13556-20AJ-000;24-25;Voorlopig;Economie en Maatschappij;25;23;;92;6900000;6800000;6900000;59;82;82
School;22. 13556-20AJ-000;24-25;Voorlopig;Economie en Maatschappij / Cultuur en Maatschappij;17;16;;94;6700000;6600000;6800000;59;61;34
School;22. 13556-20AJ-000;24-25;Voorlopig;Natuur en Techniek;8;8;0;100;6700000;7000000;7000000;76;28;62
School;22. 13556-20AJ-000;24-25;Voorlopig;Natuur en Techniek / Natuur en Gezondheid;33;32;;97;6900000;6800000;7000000;70;42;13
School;17. 42510-20BV-000;24-25;Voorlopig;Cultuur en Maatschappij;17;15;;88;6400000;6700000;6600000;47;32;49
School;17. 42510-20BV-000;24-25;Voorlopig;Economie en Maatschappij;7;5;;71;6100000;6300000;6200000;3;3;18
School;17. 42510-20BV-000;24-25;Voorlopig;Economie en Maatschappij / Cultuur en Maatschappij;17;13;;76;6400000;6400000;6500000;7;20;10
School;17. 42510-20BV-000;24-25;Voorlopig;Natuur en Gezondheid;26;24;;92;6400000;6600000;6600000;62;49;69
School;17. 42510-20BV-000;24-25;Voorlopig;Natuur en Techniek;12;10;;83;6400000;6800000;6800000;9;8;32
School;17. 42510-20BV-000;24-25;Voorlopig;Natuur en Techniek / Natuur en Gezondheid;39;32;7;82;6700000;7000000;7000000;6;21;46
School;38. 42623-20CF-000;24-25;Voorlopig;Cultuur en Maatschappij;13;13;0;100;6700000;6500000;6600000;84;58;18
School;38. 42623-20CF-000;24-25;Voorlopig;Economie en Maatschappij / Cultuur en Maatschappij;23;20;;87;6600000;6400000;6600000;24;44;10
School;38. 42623-20CF-000;24-25;Voorlopig;Natuur en Gezondheid;9;9;0;100;6800000;6600000;6800000;88;92;69
School;38. 42623-20CF-000;24-25;Voorlopig;Natuur en Techniek;5;5;0;100;6800000;6600000;6700000;76;33;13
School;38. 42623-20CF-000;24-25;Voorlopig;Natuur en Techniek / Natuur en Gezondheid;23;23;0;100;6900000;6900000;6900000;93;42;29
School;29. 41285-20CI-000;24-25;Voorlopig;Cultuur en Maatschappij;15;14;;93;6900000;6800000;6900000;63;84;63
School;29. 41285-20CI-000;24-25;Voorlopig;Economie en Maatschappij;8;7;;88;6600000;6500000;6700000;28;41;38
School;29. 41285-20CI-000;24-25;Voorlopig;Economie en Maatschappij / Cultuur en Maatschappij;29;26;;90;6600000;6600000;6700000;32;44;34
School;29. 41285-20CI-000;24-25;Voorlopig;Natuur en Gezondheid;27;23;;85;6500000;6500000;6600000;36;60;51
School;29. 41285-20CI-000;24-25;Voorlopig;Natuur en Techniek;12;12;0;100;6900000;7000000;7000000;76;48;62
School;29. 41285-20CI-000;24-25;Voorlopig;Natuur en Techniek / Natuur en Gezondheid;63;59;;94;6900000;7000000;7100000;46;42;46
School;02. 41208-20CK-000;24-25;Voorlopig;Cultuur en Maatschappij;10;7;;70;6700000;6500000;6700000;9;58;18
School;02. 41208-20CK-000;24-25;Voorlopig;Economie en Maatschappij / Cultuur en Maatschappij;24;23;;96;6900000;6700000;6900000;73;84;59
School;02. 41208-20CK-000;24-25;Voorlopig;Natuur en Gezondheid;13;13;0;100;6500000;6200000;6500000;88;60;12
School;02. 41208-20CK-000;24-25;Voorlopig;Natuur en Techniek / Natuur en Gezondheid;40;39;;98;7200000;7100000;7200000;81;82;67
School;33. 41568-20DC-000;24-25;Voorlopig;Cultuur en Maatschappij;7;5;;71;6000000;6400000;6300000;14;4;4
School;33. 41568-20DC-000;24-25;Voorlopig;Economie en Maatschappij / Cultuur en Maatschappij;37;32;5;86;6000000;6400000;6300000;20;4;10
School;33. 41568-20DC-000;24-25;Voorlopig;Natuur en Gezondheid;7;;6;;5200000;5800000;5600000;;1;1
School;33. 41568-20DC-000;24-25;Voorlopig;Natuur en Techniek;7;6;;86;6400000;6800000;6600000;19;8;32
School;33. 41568-20DC-000;24-25;Voorlopig;Natuur en Techniek / Natuur en Gezondheid;27;26;;96;6600000;7000000;6800000;57;12;46
School;23. 13749-20DD-000;24-25;Voorlopig;Economie en Maatschappij / Cultuur en Maatschappij;55;51;;93;6600000;6700000;6800000;49;44;59
School;23. 13749-20DD-000;24-25;Voorlopig;Natuur en Gezondheid;15;14;;93;6600000;6400000;6600000;74;76;38
School;23. 13749-20DD-000;24-25;Voorlopig;Natuur en Techniek;17;16;;94;6800000;6900000;7000000;46;33;48
School;23. 13749-20DD-000;24-25;Voorlopig;Natuur en Techniek / Natuur en Gezondheid;42;38;;90;6700000;6900000;7000000;23;21;29
School;37. 13556-20DG-000;24-25;Voorlopig;Cultuur en Maatschappij;13;9;;69;6400000;6400000;6500000;7;32;4
School;37. 13556-20DG-000;24-25;Voorlopig;Economie en Maatschappij / Cultuur en Maatschappij;18;17;;94;6900000;6800000;6900000;59;84;79
School;37. 13556-20DG-000;24-25;Voorlopig;Natuur en Gezondheid;11;9;;82;6800000;6600000;6700000;26;92;69
School;37. 13556-20DG-000;24-25;Voorlopig;Natuur en Techniek;7;7;0;100;7700000;7400000;7600000;76;92;90
School;37. 13556-20DG-000;24-25;Voorlopig;Natuur en Techniek / Natuur en Gezondheid;24;23;;96;7400000;7300000;7400000;57;95;90
School;26. 13603-20DL-002;24-25;Voorlopig;Cultuur en Maatschappij;10;9;;90;6200000;6600000;6500000;57;16;36
School;26. 13603-20DL-002;24-25;Voorlopig;Economie en Maatschappij / Cultuur en Maatschappij;7;7;0;100;6900000;6800000;7000000;91;84;79
School;26. 13603-20DL-002;24-25;Voorlopig;Natuur en Gezondheid;7;7;0;100;6600000;6800000;6800000;88;76;90
School;26. 13603-20DL-002;24-25;Voorlopig;Natuur en Techniek / Natuur en Gezondheid;8;8;0;100;6800000;6800000;6900000;93;31;13
School;27. 42505-20DP-000;24-25;Voorlopig;Cultuur en Maatschappij;17;17;0;100;6700000;6700000;6700000;84;58;49
School;27. 42505-20DP-000;24-25;Voorlopig;Economie en Maatschappij / Cultuur en Maatschappij;38;35;;92;7000000;6800000;7000000;43;95;79
School;27. 42505-20DP-000;24-25;Voorlopig;Natuur en Gezondheid;20;17;;85;6300000;6500000;6500000;36;35;51
School;27. 42505-20DP-000;24-25;Voorlopig;Natuur en Techniek / Natuur en Gezondheid;55;52;;95;6800000;7200000;7100000;51;31;81
School;11. 41513-20KZ-000;24-25;Voorlopig;Cultuur en Maatschappij;6;6;0;100;6500000;7000000;6800000;84;42;82
School;11. 41513-20KZ-000;24-25;Voorlopig;Economie en Maatschappij / Cultuur en Maatschappij;30;24;6;80;6200000;6600000;6500000;13;10;34
School;11. 41513-20KZ-000;24-25;Voorlopig;Natuur en Gezondheid;19;14;5;74;6100000;6600000;6400000;9;17;69
School;11. 41513-20KZ-000;24-25;Voorlopig;Natuur en Techniek / Natuur en Gezondheid;29;26;;90;6600000;7100000;6900000;23;12;67
School;15. 41360-20LU-000;24-25;Voorlopig;Cultuur en Maatschappij;21;19;;90;6900000;7000000;7000000;57;84;82
School;15. 41360-20LU-000;24-25;Voorlopig;Economie en Maatschappij / Cultuur en Maatschappij;42;39;;93;6900000;6900000;6900000;49;84;94
School;15. 41360-20LU-000;24-25;Voorlopig;Natuur en Gezondheid;16;13;;81;6300000;6300000;6300000;22;35;26
School;15. 41360-20LU-000;24-25;Voorlopig;Natuur en Techniek / Natuur en Gezondheid;36;34;;94;7300000;7300000;7300000;46;90;90
School;06. 42818-20QU-000;24-25;Voorlopig;Cultuur en Maatschappij;7;5;;71;6600000;7100000;6900000;14;50;93
School;06. 42818-20QU-000;24-25;Voorlopig;Economie en Maatschappij;5;;;;6500000;6300000;6500000;;24;18
School;06. 42818-20QU-000;24-25;Voorlopig;Economie en Maatschappij / Cultuur en Maatschappij;23;22;;96;6600000;6800000;6800000;73;44;79
School;06. 42818-20QU-000;24-25;Voorlopig;Natuur en Gezondheid;27;19;8;70;5900000;6300000;6200000;7;9;26
School;06. 42818-20QU-000;24-25;Voorlopig;Natuur en Techniek / Natuur en Gezondheid;25;23;;92;6600000;6800000;6900000;36;12;13
School;19. 13556-20QY-000;24-25;Voorlopig;Cultuur en Maatschappij;22;19;;86;6800000;6800000;6900000;37;71;63
School;19. 13556-20QY-000;24-25;Voorlopig;Economie en Maatschappij / Cultuur en Maatschappij;35;34;;97;6800000;6600000;6700000;80;73;34
School;19. 13556-20QY-000;24-25;Voorlopig;Natuur en Gezondheid;24;22;;92;6600000;6500000;6600000;62;76;51
School;19. 13556-20QY-000;24-25;Voorlopig;Natuur en Techniek;21;21;0;100;7300000;7100000;7100000;76;77;75
School;19. 13556-20QY-000;24-25;Voorlopig;Natuur en Techniek / Natuur en Gezondheid;24;24;0;100;7200000;7300000;7300000;93;82;90
School;07. 13554-20RM-000;24-25;Voorlopig;Cultuur en Maatschappij;14;12;;86;6500000;6800000;6700000;37;42;63
School;07. 13554-20RM-000;24-25;Voorlopig;Economie en Maatschappij / Cultuur en Maatschappij;18;14;;78;6500000;6600000;6600000;11;32;34
School;07. 13554-20RM-000;24-25;Voorlopig;Natuur en Gezondheid;19;15;;79;6200000;6300000;6200000;20;22;26
School;07. 13554-20RM-000;24-25;Voorlopig;Natuur en Techniek;7;6;;86;6900000;6800000;6900000;19;48;32
School;07. 13554-20RM-000;24-25;Voorlopig;Natuur en Techniek / Natuur en Gezondheid;51;44;7;86;6700000;6800000;6800000;11;21;13
School;03. 13556-21AB-000;24-25;Voorlopig;Cultuur en Maatschappij;20;17;;85;6800000;6700000;6800000;28;71;49
School;03. 13556-21AB-000;24-25;Voorlopig;Economie en Maatschappij / Cultuur en Maatschappij;39;37;;95;6700000;6400000;6600000;66;61;10
School;03. 13556-21AB-000;24-25;Voorlopig;Natuur en Gezondheid;7;7;0;100;6300000;6200000;6400000;88;35;12
School;03. 13556-21AB-000;24-25;Voorlopig;Natuur en Techniek;9;9;0;100;7700000;7100000;7500000;76;92;75
School;03. 13556-21AB-000;24-25;Voorlopig;Natuur en Techniek / Natuur en Gezondheid;34;30;;88;7100000;6800000;7000000;17;70;13
School;05. 13556-21AF-000;24-25;Voorlopig;Cultuur en Maatschappij;17;15;;88;6800000;7100000;7000000;47;71;93
School;05. 13556-21AF-000;24-25;Voorlopig;Economie en Maatschappij / Cultuur en Maatschappij;27;26;;96;6700000;6600000;6700000;73;61;34
School;05. 13556-21AF-000;24-25;Voorlopig;Natuur en Gezondheid;18;16;;89;6600000;6500000;6700000;49;76;51
School;05. 13556-21AF-000;24-25;Voorlopig;Natuur en Techniek / Natuur en Gezondheid;58;54;;93;7100000;7000000;7200000;42;70;46
School;42. 40586-30GC-000;24-25;Voorlopig;Cultuur en Maatschappij;17;13;;76;6200000;6600000;6500000;20;16;36
School;42. 40586-30GC-000;24-25;Voorlopig;Economie en Maatschappij / Cultuur en Maatschappij;38;33;5;87;6400000;6600000;6600000;24;20;34
School;42. 40586-30GC-000;24-25;Voorlopig;Natuur en Gezondheid;11;10;;91;6600000;6800000;6800000;51;76;90
School;42. 40586-30GC-000;24-25;Voorlopig;Natuur en Techniek;5;5;0;100;7400000;7400000;7300000;76;82;90
School;42. 40586-30GC-000;24-25;Voorlopig;Natuur en Techniek / Natuur en Gezondheid;40;37;;92;7000000;7000000;7100000;36;56;46
School;27. 42505-30GD-000;24-25;Voorlopig;Cultuur en Maatschappij;10;9;;90;6600000;6700000;6700000;57;50;49
School;27. 42505-30GD-000;24-25;Voorlopig;Economie en Maatschappij / Cultuur en Maatschappij;30;29;;97;6700000;6600000;6800000;80;61;34
School;27. 42505-30GD-000;24-25;Voorlopig;Natuur en Gezondheid;26;23;;88;6400000;6300000;6500000;46;49;26
School;27. 42505-30GD-000;24-25;Voorlopig;Natuur en Techniek;6;6;0;100;7100000;7000000;7100000;76;67;62
School;27. 42505-30GD-000;24-25;Voorlopig;Natuur en Techniek / Natuur en Gezondheid;53;48;5;91;7100000;7100000;7200000;29;70;67
School;44. 20151-31RY-000;24-25;Voorlopig;Cultuur en Maatschappij;6;6;0;100;6300000;6500000;6500000;84;24;18
School;44. 20151-31RY-000;24-25;Voorlopig;Economie en Maatschappij;11;10;;91;7000000;6700000;6900000;53;94;71
School;44. 20151-31RY-000;24-25;Voorlopig;Economie en Maatschappij / Cultuur en Maatschappij;11;11;0;100;7000000;6800000;7000000;91;95;79
School;44. 20151-31RY-000;24-25;Voorlopig;Natuur en Gezondheid;15;14;;93;6500000;6500000;6700000;74;60;51
School;44. 20151-31RY-000;24-25;Voorlopig;Natuur en Techniek;8;8;0;100;7000000;7100000;7200000;76;62;75
School;44. 20151-31RY-000;24-25;Voorlopig;Natuur en Techniek / Natuur en Gezondheid;25;25;0;100;6900000;6900000;7100000;93;42;29
School;04. 40776-01ET-000;23-24;Definitief;Totaal;110;101;0;92;6940000;6802727;6920000;60;73;75
School;41. 42620-01FP-004;23-24;Definitief;Totaal;76;63;0;83;6550000;6443421;6714474;11;11;4
School;18. 31240-02CR-000;23-24;Definitief;Totaal;102;94;0;92;6917647;6874510;7057843;60;70;87
School;16. 33944-02DQ-000;23-24;Definitief;Totaal;103;100;0;97;7089320;6908738;6986408;95;92;94
School;21. 13556-02DW-000;23-24;Definitief;Totaal;80;70;0;88;6597500;6633750;6666250;26;20;23
School;08. 41211-02FY-007;23-24;Definitief;Totaal;41;37;0;90;6758537;7092683;7007317;42;39;99
School;30. 42992-02QO-000;23-24;Definitief;Totaal;131;115;8;88;6581679;6801527;6845038;26;18;73
School;10. 40856-02QP-000;23-24;Definitief;Totaal;52;46;0;88;6836538;6644231;6792308;26;54;25
School;46. 41298-02VO-000;23-24;Definitief;Totaal;85;78;0;92;6805882;6783529;6912941;60;46;65
School;09. 42992-03AM-000;23-24;Definitief;Totaal;148;144;0;97;6858784;6689865;6805405;95;58;39
School;34. 40996-04DS-000;23-24;Definitief;Totaal;52;49;0;94;6869231;6778846;7028846;74;61;61
School;32. 20151-14QT-000;23-24;Definitief;Totaal;81;73;0;90;6661728;6562963;6855556;42;30;8
School;43. 42621-14RF-006;23-24;Definitief;Totaal;102;98;0;96;6907843;6768627;6943137;92;68;56
School;25. 41347-14WI-000;23-24;Definitief;Totaal;59;46;7;78;6489831;6664407;6789831;4;8;35
School;36. 41475-15JM-000;23-24;Definitief;Totaal;171;168;0;98;7050877;6892398;7046784;99;89;92
School;31. 41775-15SC-000;23-24;Definitief;Totaal;157;147;5;94;7101911;6736306;6914650;74;96;49
School;35. 40094-16PA-000;23-24;Definitief;Totaal;154;136;11;88;6958442;6933117;6988312;26;77;96
School;28. 41211-17JY-000;23-24;Definitief;Totaal;104;99;0;95;6788462;6713462;6883654;85;44;44
School;45. 99048-19HV-000;23-24;Definitief;Totaal;94;66;21;70;6220213;6600000;6758511;1;1;11
School;13. 41386-19ZU-000;23-24;Definitief;Totaal;110;92;0;84;6610909;6629091;6729091;14;25;15
School;01. 13652-20AA-000;23-24;Definitief;Totaal;92;84;0;91;6744565;6730435;6797826;50;35;46
School;14. 41525-20AI-000;23-24;Definitief;Totaal;131;114;14;87;6599237;6604580;6804580;20;23;13
School;22. 13556-20AJ-000;23-24;Definitief;Totaal;107;97;7;91;6850467;6680374;6865421;50;56;37
School;17. 42510-20BV-000;23-24;Definitief;Totaal;138;124;7;90;6750000;6741304;6850000;42;37;51
School;38. 42623-20CF-000;23-24;Definitief;Totaal;115;102;0;89;6827826;6629565;6742609;35;51;18
School;29. 41285-20CI-000;23-24;Definitief;Totaal;161;150;6;93;6813665;6834783;6873913;67;49;80
School;02. 41208-20CK-000;23-24;Definitief;Totaal;104;99;0;95;7111538;6839423;7033654;85;99;82
School;33. 41568-20DC-000;23-24;Definitief;Totaal;77;63;10;82;6383117;6770130;6697403;7;6;58
School;23. 13749-20DD-000;23-24;Definitief;Totaal;147;139;5;95;6894558;6654422;6872789;85;65;30
School;37. 13556-20DG-000;23-24;Definitief;Totaal;70;64;0;91;6775714;6548571;6757143;50;42;6
School;26. 13603-20DL-002;23-24;Definitief;Totaal;75;63;5;84;6306667;6712000;6720000;14;4;42
School;27. 42505-20DP-000;23-24;Definitief;Totaal;141;134;0;95;7007801;6861702;6978723;85;82;85
School;11. 41513-20KZ-000;23-24;Definitief;Totaal;94;84;0;89;6660638;6796809;6760638;35;27;68
School;15. 41360-20LU-000;23-24;Definitief;Totaal;116;103;5;89;6952586;6888793;6934483;35;75;89
School;06. 42818-20QU-000;23-24;Definitief;Totaal;87;75;6;86;6575862;6654023;6701149;18;15;27
School;19. 13556-20QY-000;23-24;Definitief;Totaal;108;102;0;94;7020370;6797222;6973148;74;85;70
School;07. 13554-20RM-000;23-24;Definitief;Totaal;119;98;17;82;6563866;6374790;6498319;7;13;1
School;03. 13556-21AB-000;23-24;Definitief;Totaal;112;102;5;91;7093750;6633036;6933036;50;94;20
School;05. 13556-21AF-000;23-24;Definitief;Totaal;133;127;0;95;7032331;6833835;7003759;85;87;77
School;42. 40586-30GC-000;23-24;Definitief;Totaal;142;133;5;94;6711268;6757042;6789437;74;32;54
School;27. 42505-30GD-000;23-24;Definitief;Totaal;155;142;6;92;6972258;6781290;6934194;60;80;63
School;44. 20151-31RY-000;23-24;Definitief;Totaal;82;76;0;93;6889024;6660976;7051220;67;63;32
School;04. 40776-01ET-000;24-25;Voorlopig;Totaal;105;102;0;97;7142857;6908571;7030476;93;99;82
School;41. 42620-01FP-004;24-25;Voorlopig;Totaal;79;66;6;84;6525316;6602532;6721519;20;23;6
School;18. 31240-02CR-000;24-25;Voorlopig;Totaal;84;81;0;96;7044048;7151190;7235714;83;96;99
School;16. 33944-02DQ-000;24-25;Voorlopig;Totaal;114;111;0;97;6948246;6965789;7051754;93;87;94
School;21. 13556-02DW-000;24-25;Voorlopig;Totaal;101;86;0;85;6730693;6672277;6788119;26;49;20
School;08. 41211-02FY-007;24-25;Voorlopig;Totaal;54;40;5;74;6296296;6787037;6737037;1;6;58
School;30. 42992-02QO-000;24-25;Voorlopig;Totaal;82;62;13;76;6240244;6673171;6828049;4;4;23
School;10. 40856-02QP-000;24-25;Voorlopig;Totaal;59;52;6;88;6688136;6730508;6830508;35;37;35
School;46. 41298-02VO-000;24-25;Voorlopig;Totaal;109;97;5;89;6749541;6771560;6910092;42;56;51
School;09. 42992-03AM-000;24-25;Voorlopig;Totaal;127;112;9;88;6726772;6895276;6894488;35;46;80
School;34. 40996-04DS-000;24-25;Voorlopig;Totaal;75;70;0;93;6702667;6796000;7000000;68;44;63
School;32. 20151-14QT-000;24-25;Voorlopig;Totaal;71;63;0;89;6692958;6676056;6918310;42;39;25
School;43. 42621-14RF-006;24-25;Voorlopig;Totaal;116;108;0;93;6868966;6757759;6937069;68;73;46
School;25. 41347-14WI-000;24-25;Voorlopig;Totaal;70;58;0;83;6334286;6668571;6668571;13;8;18
School;36. 41475-15JM-000;24-25;Voorlopig;Totaal;172;163;0;95;6739535;6916279;6943023;77;51;87
School;31. 41775-15SC-000;24-25;Voorlopig;Totaal;176;171;0;97;6933523;6890909;6914773;93;82;77
School;35. 40094-16PA-000;24-25;Voorlopig;Totaal;144;139;0;97;6984028;7014583;7141667;93;92;96
School;28. 41211-17JY-000;24-25;Voorlopig;Totaal;80;73;5;91;6790000;6887500;6982500;49;65;75
School;45. 99048-19HV-000;24-25;Voorlopig;Totaal;62;53;0;85;6362903;6627419;6798387;26;13;13
School;13. 41386-19ZU-000;24-25;Voorlopig;Totaal;84;73;5;87;6535714;6580952;6680952;30;25;4
School;01. 13652-20AA-000;24-25;Voorlopig;Totaal;75;63;6;84;6422667;6736000;6688000;20;18;37
School;14. 41525-20AI-000;24-25;Voorlopig;Totaal;91;83;0;91;6698901;6707692;6891209;49;42;30
School;22. 13556-20AJ-000;24-25;Voorlopig;Totaal;97;92;0;95;6747423;6738144;6852577;77;54;42
School;17. 42510-20BV-000;24-25;Voorlopig;Totaal;118;99;7;84;6481356;6720339;6714407;20;20;32
School;38. 42623-20CF-000;24-25;Voorlopig;Totaal;73;70;0;96;6750685;6613699;6726027;83;58;8
School;29. 41285-20CI-000;24-25;Voorlopig;Totaal;154;141;0;92;6757792;6791558;6888961;58;61;61
School;02. 41208-20CK-000;24-25;Voorlopig;Totaal;87;82;0;94;6955172;6786207;6955172;73;89;56
School;33. 41568-20DC-000;24-25;Voorlopig;Totaal;85;69;11;81;6157647;6574118;6425882;8;1;1
School;23. 13749-20DD-000;24-25;Voorlopig;Totaal;129;119;0;92;6658915;6756589;6868217;58;35;44
School;37. 13556-20DG-000;24-25;Voorlopig;Totaal;73;65;0;89;7036986;6920548;7030137;42;94;89
School;26. 13603-20DL-002;24-25;Voorlopig;Totaal;32;31;0;97;6590625;6737500;6775000;93;30;39
School;27. 42505-20DP-000;24-25;Voorlopig;Totaal;130;121;0;93;6768462;6910000;6926154;68;63;85
School;11. 41513-20KZ-000;24-25;Voorlopig;Totaal;84;70;11;83;6336905;6801190;6636905;13;11;68
School;15. 41360-20LU-000;24-25;Voorlopig;Totaal;115;105;0;91;6941739;6960000;6960000;49;85;92
School;06. 42818-20QU-000;24-25;Voorlopig;Totaal;87;69;8;79;6377011;6640230;6633333;6;15;15
School;19. 13556-20QY-000;24-25;Voorlopig;Totaal;126;120;0;95;6921429;6832540;6896825;77;80;70
School;07. 13554-20RM-000;24-25;Voorlopig;Totaal;109;91;7;83;6566972;6679817;6655963;13;27;27
School;03. 13556-21AB-000;24-25;Voorlopig;Totaal;109;100;0;92;6900000;6624771;6822936;58;77;11
School;05. 13556-21AF-000;24-25;Voorlopig;Totaal;120;111;0;92;6892500;6849167;6984167;58;75;73
School;42. 40586-30GC-000;24-25;Voorlopig;Totaal;111;98;5;88;6650450;6800000;6816216;35;32;65
School;27. 42505-30GD-000;24-25;Voorlopig;Totaal;125;115;5;92;6818400;6776800;6913600;58;70;54
School;44. 20151-31RY-000;24-25;Voorlopig;Totaal;76;74;0;97;6813158;6767105;6940789;93;68;49
